key,gate,posterior_TV,audio_available
dev/0/0,0.42820650339126587,0.0736255426127735,True
dev/0/1,0.05936617776751518,0.012045080125965122,True
dev/2/0,0.9472686648368835,0.024785687118955648,True
dev/2/1,0.07892801612615585,0.0071290408952822985,True
dev/2/2,0.4574107825756073,0.05598415541241159,True
dev/2/3,0.044479742646217346,0.0046767053024960505,True
dev/2/4,0.5482698082923889,0.07329738601620313,True
dev/2/5,0.6058728694915771,0.04128854435459442,True
dev/4/0,0.22666655480861664,0.05043191658171454,True
dev/4/1,0.8897508382797241,0.11116914972467022,True
dev/4/2,0.25767990946769714,0.06552635746956109,True
dev/4/3,0.749585747718811,0.13122968630653023,True
dev/4/4,0.9166065454483032,0.05688699715551486,True
dev/4/5,0.6901280283927917,0.061201976851744194,True
dev/4/6,0.7425639629364014,0.08934264619954552,True
dev/4/7,0.7334816455841064,0.10865857138974208,True
dev/4/8,0.7926501631736755,0.0901052835453825,True
dev/4/9,0.2540663480758667,0.057965154744658534,True
dev/4/10,0.9327723979949951,0.038506975876409985,True
dev/4/11,0.0677838996052742,0.011247259662972187,True
dev/4/12,0.03670726716518402,0.0038280541803446602,True
dev/4/13,0.31978610157966614,0.07243284414455846,True
dev/4/14,0.09905434399843216,0.00904152024061081,True
dev/5/0,0.8570424318313599,0.14853668794216646,True
dev/5/1,0.19366854429244995,0.04789707194603555,True
dev/5/2,0.6036127805709839,0.12092871624010951,True
dev/5/3,0.6082747578620911,0.13332370037673857,True
dev/5/4,0.9526309370994568,0.07096173409273583,True
dev/5/5,0.9516000151634216,0.11934156233397869,True
dev/5/6,0.47004830837249756,0.1165880650662667,True
dev/5/7,0.6733869314193726,0.1495703012214283,True
dev/5/8,0.9092003703117371,0.08374888839590966,True
dev/5/9,0.8632501363754272,0.11057277787539008,True
dev/5/10,0.920599639415741,0.05367868701475298,True
dev/5/11,0.8376191854476929,0.051197720955062004,True
dev/5/12,0.6355296969413757,0.061125877271674046,True
dev/6/0,0.21546918153762817,0.007498668983684238,True
dev/6/1,0.7176774144172668,0.06689238553625727,True
dev/6/2,0.451205849647522,0.03091019525538121,True
dev/6/3,0.5059574246406555,0.019013504065174904,True
dev/6/4,0.031929049640893936,0.0041061155035935215,True
dev/6/5,0.45055848360061646,0.10017668773010757,True
dev/6/6,0.9383686780929565,0.03248663240054491,True
dev/6/7,0.9720620512962341,0.08019477630025917,True
dev/6/8,0.06519199907779694,0.006296734681349083,True
dev/6/9,0.2655566930770874,0.05894103377004106,True
dev/7/0,0.05041693150997162,0.01133964138781917,True
dev/7/1,0.14399155974388123,0.007199140872738659,True
dev/7/2,0.9307748079299927,0.03573772729352151,True
dev/7/3,0.7707890868186951,0.09252748222576364,True
dev/7/4,0.07215193659067154,0.018585167561186056,True
dev/7/5,0.07660352438688278,0.002889015351044961,True
dev/7/6,0.11754260957241058,0.02339674401499427,True
dev/7/7,0.8306899070739746,0.16084599777846154,True
dev/7/8,0.6310684084892273,0.09599272597564383,True
dev/7/9,0.24365448951721191,0.03391315129386186,True
dev/7/10,0.17076066136360168,0.0071501546356425,True
dev/9/0,0.8920986652374268,0.03530634423172508,True
dev/9/1,0.19277697801589966,0.027111644815667173,True
dev/9/2,0.39440494775772095,0.10731599467205533,True
dev/9/3,0.17009668052196503,0.02601125735667378,True
dev/9/4,0.24588823318481445,0.057715017485391665,True
dev/9/5,0.9601236581802368,0.05422567283767056,True
dev/9/6,0.586858868598938,0.1003923132814976,True
dev/9/7,0.7434292435646057,0.17255977700552194,True
dev/10/0,0.879013180732727,0.06826991466185577,True
dev/10/1,0.9072818160057068,0.10767580123606385,True
dev/10/2,0.14730064570903778,0.030460598007986107,True
dev/10/3,0.7577377557754517,0.08726362994021979,True
dev/10/4,0.7289853692054749,0.08721196557769151,True
dev/10/5,0.5587028861045837,0.03790072405134122,True
dev/10/6,0.16430510580539703,0.03910874203872566,True
dev/10/7,0.726604700088501,0.07870336037841179,True
dev/10/8,0.38436970114707947,0.10508954459182349,True
dev/10/9,0.4074150323867798,0.06561912481917445,True
dev/11/0,0.9283401370048523,0.04856584148422737,True
dev/11/1,0.11329783499240875,0.0025917212980564102,True
dev/11/2,0.14589300751686096,0.025874726866182546,True
dev/11/3,0.07768785953521729,0.012514320708758433,True
dev/11/4,0.5133294463157654,0.14405837372209968,True
dev/11/5,0.6741899251937866,0.1361258347704358,True
dev/11/6,0.8175153732299805,0.15009953390783037,True
dev/11/7,0.21922354400157928,0.047510402350865566,True
dev/11/8,0.861266016960144,0.11454922786949938,True
dev/11/9,0.9770227670669556,0.04490095233360656,True
dev/11/10,0.6800714731216431,0.052601415063309745,True
dev/11/11,0.7256208658218384,0.1713851046020442,True
dev/11/12,0.779441773891449,0.07353274438361078,True
dev/14/0,0.2044881135225296,0.025992289266236753,True
dev/14/1,0.9127751588821411,0.045685142148685076,True
dev/14/2,0.8829768896102905,0.05159969914283885,True
dev/14/3,0.9232879877090454,0.037869856716333083,True
dev/14/4,0.893454372882843,0.10966736481480781,True
dev/14/5,0.16868363320827484,0.006371319759452867,True
dev/14/6,0.806995153427124,0.09992860167254583,True
dev/14/7,0.38158008456230164,0.04020321101349444,True
dev/14/8,0.748838484287262,0.03652960382994065,True
dev/15/0,0.09208321571350098,0.003824665437866072,True
dev/15/1,0.1447102576494217,0.032235339022459106,True
dev/15/2,0.036210667341947556,0.003673140052457991,True
dev/15/3,0.943381130695343,0.045012784699460615,True
dev/15/4,0.021611863747239113,0.0015197189334652814,True
dev/15/5,0.5900928974151611,0.0976935223045115,True
dev/15/6,0.6380360722541809,0.08684845608136216,True
dev/15/7,0.4046477675437927,0.07013588031737433,True
dev/15/8,0.6412037014961243,0.09639385616437002,True
dev/15/9,0.3853452205657959,0.07866141925099526,True
dev/17/0,0.9218742847442627,0.11712829065924056,True
dev/17/1,0.9541401267051697,0.08766161825355678,True
dev/17/2,0.6127432584762573,0.09667956405004853,True
dev/17/3,0.6737135648727417,0.08667638682532061,True
dev/17/4,0.6926977038383484,0.04747711869402084,True
dev/22/0,0.662071943283081,0.09416153934817129,True
dev/22/1,0.3708658814430237,0.10389256118693578,True
dev/22/2,0.8361706733703613,0.09565208620614225,True
dev/22/3,0.344745934009552,0.07028225418972975,True
dev/22/4,0.4831683337688446,0.115305450666994,True
dev/22/5,0.6949122548103333,0.1624823074928713,True
dev/22/6,0.9692587852478027,0.08186510557637272,True
dev/22/7,0.5747945308685303,0.13395880416882594,True
dev/22/8,0.9210711717605591,0.07607046751675021,True
dev/22/9,0.16842831671237946,0.051129714471363864,True
dev/22/10,0.6717696785926819,0.1309741533725959,True
dev/22/11,0.054300904273986816,0.0127730820977889,True
dev/22/12,0.31871649622917175,0.09187269548525266,True
dev/22/13,0.36607539653778076,0.07092551308252329,True
dev/23/0,0.9160810112953186,0.04618655230267855,True
dev/23/1,0.49135908484458923,0.08743681902581453,True
dev/23/2,0.03771429881453514,0.0016684005417172913,True
dev/23/3,0.02316369116306305,0.002791490211770756,True
dev/23/4,0.5804059505462646,0.02890441796512482,True
dev/23/5,0.08376386016607285,0.01782530283464722,True
dev/23/6,0.6731029152870178,0.10067688102767727,True
dev/23/7,0.6080387830734253,0.0917966952641334,True
dev/23/8,0.09401700645685196,0.018612194865424477,True
dev/23/9,0.4655199944972992,0.056820145790112755,True
dev/23/10,0.21705582737922668,0.021301625436936235,True
dev/23/11,0.9336254596710205,0.05983448413368324,True
dev/23/12,0.11348596215248108,0.012936530767924583,True
dev/23/13,0.14862322807312012,0.021816225952006607,True
dev/25/0,0.545002281665802,0.11027325480896619,True
dev/25/1,0.38791483640670776,0.08930165284676937,True
dev/25/2,0.7801704406738281,0.15101563403316579,True
dev/25/3,0.8573623299598694,0.12831834397357153,True
dev/25/4,0.7443682551383972,0.13504721762109861,True
dev/25/5,0.9795759916305542,0.057804193903466125,True
dev/26/0,0.9083032011985779,0.036935515805997646,True
dev/26/1,0.052736181765794754,0.010850860191120106,True
dev/26/2,0.13542188704013824,0.029850431520300296,True
dev/26/3,0.08416266739368439,0.0180666157355306,True
dev/26/4,0.4176408052444458,0.08357162464802517,True
dev/26/5,0.7113991379737854,0.07758230448041017,True
dev/26/6,0.031238745898008347,0.005788634008887128,True
dev/26/7,0.816455066204071,0.076770164492381,True
dev/26/8,0.7079634666442871,0.07313421470727058,True
dev/26/9,0.8007498383522034,0.06919741848281528,True
dev/26/10,0.07924001663923264,0.005627359168402077,True
dev/26/11,0.10951507091522217,0.022023328852213326,True
dev/26/12,0.11675260961055756,0.01548650425393987,True
dev/26/13,0.6569139361381531,0.13859507756314826,True
dev/26/14,0.5998076796531677,0.153048739641641,True
dev/26/15,0.8883966207504272,0.13868523596607676,True
dev/26/16,0.9010269641876221,0.10502805576790425,True
dev/28/0,0.8924034833908081,0.05522502112791826,True
dev/28/1,0.589357316493988,0.08693769420790243,True
dev/28/2,0.422556608915329,0.054108235363970664,True
dev/28/3,0.9115378260612488,0.05750752957301784,True
dev/28/4,0.8646060228347778,0.12848180048247054,True
dev/28/5,0.8589485287666321,0.10771664607436451,True
dev/28/6,0.2751607894897461,0.04777230082577168,True
dev/28/7,0.41683444380760193,0.08045032340575094,True
dev/28/8,0.044403452426195145,0.004497571387650248,True
dev/28/9,0.8408377170562744,0.08638742150540524,True
dev/28/10,0.9688166975975037,0.026249235619299288,True
dev/30/0,0.23568756878376007,0.030830508127303573,True
dev/30/1,0.36262354254722595,0.0551838340614786,True
dev/30/2,0.5570269227027893,0.08521333200870079,True
dev/30/3,0.1576164811849594,0.02431833515080453,True
dev/30/4,0.6006237268447876,0.07190855126985103,True
dev/30/5,0.05284920334815979,0.011644977830686173,True
dev/30/6,0.19427192211151123,0.06107728049389441,True
dev/30/7,0.9470597505569458,0.07550910010354686,True
dev/30/8,0.5394008755683899,0.03965429367112855,True
dev/30/9,0.5180742740631104,0.07299033171932177,True
dev/30/10,0.6156280040740967,0.06526178742477125,True
dev/30/11,0.5475027561187744,0.05762701733650138,True
dev/30/12,0.9350936412811279,0.0713955783341281,True
dev/30/13,0.6921424865722656,0.0408545458765697,True
dev/30/14,0.7468840479850769,0.0763634244143597,True
dev/30/15,0.7591448426246643,0.046721643953826275,True
dev/30/16,0.6781870126724243,0.0633653613372954,True
dev/30/17,0.587279200553894,0.04748800831608998,True
dev/30/18,0.8823132514953613,0.07246824168739946,True
dev/31/0,0.05347398668527603,0.008078185437333206,True
dev/31/1,0.13086286187171936,0.028290864775344395,True
dev/31/2,0.5752056241035461,0.08121109961379495,True
dev/31/3,0.3169949948787689,0.05867692033309599,True
dev/31/4,0.9332143664360046,0.08045334914504833,True
dev/31/5,0.11733433604240417,0.01675492349038292,True
dev/31/6,0.09496752917766571,0.01839553099501392,True
dev/31/7,0.35982656478881836,0.05473956455874875,True
dev/31/8,0.15879012644290924,0.03863964684673599,True
dev/31/9,0.08993324637413025,0.004650651564151552,True
dev/31/10,0.17060722410678864,0.0085474318575572,True
dev/31/11,0.5225365161895752,0.08924356675141988,True
dev/31/12,0.14903868734836578,0.034266303262877815,True
dev/32/0,0.9663681387901306,0.030509588344370092,True
dev/32/1,0.9381706714630127,0.0195644361528211,True
dev/32/2,0.1848609447479248,0.042919190743078886,True
dev/32/3,0.8882375955581665,0.06860670483043176,True
dev/32/4,0.4847589433193207,0.1254450388326636,True
dev/32/5,0.9393900036811829,0.021596373528598976,True
dev/32/6,0.889331042766571,0.05821340119127262,True
dev/32/7,0.7796181440353394,0.08662811392209319,True
dev/32/8,0.9723632335662842,0.040391781410181724,True
dev/32/9,0.3520059287548065,0.02512539801889295,True
dev/32/10,0.9702343344688416,0.054127642496055055,True
dev/32/11,0.9113773703575134,0.05439282217543805,True
dev/32/12,0.9756954312324524,0.03345344827285775,True
dev/32/13,0.9857501983642578,0.01960560873601346,True
dev/33/0,0.7617687582969666,0.10162921258538958,True
dev/33/1,0.42612993717193604,0.09553048226824482,True
dev/34/0,0.9117469191551208,0.04053745945354021,True
dev/34/1,0.8594453930854797,0.06800995407729953,True
dev/34/2,0.19108444452285767,0.04662722175741141,True
dev/34/3,0.8535143733024597,0.06746904905300936,True
dev/34/4,0.942145049571991,0.04198127741100129,True
dev/34/5,0.9151489734649658,0.06483689211979138,True
dev/34/6,0.04257328063249588,0.004882649812624637,True
dev/34/7,0.05441458895802498,0.0060157888128877825,True
dev/34/8,0.15656128525733948,0.01822732492402266,True
dev/34/9,0.8405449986457825,0.10903591735169291,True
dev/34/10,0.8978568911552429,0.04593305620314161,True
dev/35/0,0.8885841965675354,0.05654040121486609,True
dev/37/0,0.9090189933776855,0.05179794094715769,True
dev/37/1,0.57902991771698,0.06780448929371198,True
dev/37/2,0.6547697186470032,0.105785946065593,True
dev/37/3,0.163498193025589,0.012408447622542468,True
dev/37/4,0.03390391170978546,0.003414461326009091,True
dev/37/5,0.40076592564582825,0.08446883807445668,True
dev/37/6,0.911321222782135,0.04912815673871531,True
dev/37/7,0.02540901117026806,0.0035821663523405095,True
dev/37/8,0.23649829626083374,0.056539148948595436,True
dev/37/9,0.7331201434135437,0.07323787930260942,True
dev/37/10,0.7325294613838196,0.11877695106057796,True
dev/38/0,0.2719254195690155,0.04038970887529097,True
dev/39/0,0.9175460934638977,0.10497402828817119,True
dev/39/1,0.904262900352478,0.041500963536054175,True
dev/39/2,0.5736156702041626,0.0745250958244691,True
dev/40/0,0.4800085425376892,0.07885092062997084,True
dev/40/1,0.7272652983665466,0.10660601068494081,True
dev/40/2,0.3643084168434143,0.05948949697466966,True
dev/40/3,0.8929755687713623,0.11331319857614866,True
dev/40/4,0.05067854002118111,0.010348103607432164,True
dev/40/5,0.28328898549079895,0.057003436627154284,True
dev/40/6,0.9224027395248413,0.12970016042875393,True
dev/40/7,0.47362151741981506,0.09580893975669955,True
dev/40/8,0.1372060477733612,0.018909348975799524,True
dev/40/9,0.8790150880813599,0.1532387423267798,True
dev/40/10,0.27516552805900574,0.009601266917984309,True
dev/41/0,0.8996353149414062,0.0744405152645,True
dev/41/1,0.944365918636322,0.04248221387500983,True
dev/41/2,0.9017137885093689,0.11734063015923127,True
dev/42/0,0.09721183031797409,0.019014968259782494,True
dev/42/1,0.6860596537590027,0.05373053408309882,True
dev/42/2,0.22673065960407257,0.04282004470239322,True
dev/42/3,0.9471045136451721,0.03016685897576447,True
dev/42/4,0.07883362472057343,0.009634959644309063,True
dev/44/0,0.4568028151988983,0.13041622875101608,True
dev/44/1,0.38947582244873047,0.05002107086415397,True
dev/44/2,0.7749996185302734,0.11768899347097625,True
dev/44/3,0.8578364849090576,0.05744072013326595,True
dev/44/4,0.9051601886749268,0.0527073926024788,True
dev/44/5,0.3122882544994354,0.02179573681062983,True
dev/44/6,0.13734455406665802,0.02981910312754022,True
dev/44/7,0.6476694941520691,0.10036513279447865,True
dev/44/8,0.9653500318527222,0.05151576362057227,True
dev/44/9,0.9521394968032837,0.037568707748351915,True
dev/44/10,0.4803585410118103,0.07306048329252446,True
dev/44/11,0.7627437114715576,0.10684046122063563,True
dev/45/0,0.8742250204086304,0.08220440831134637,True
dev/45/1,0.23399321734905243,0.05970213769635321,True
dev/45/2,0.9709349274635315,0.01928944722648789,True
dev/45/3,0.11454831808805466,0.03531122345007884,True
dev/45/4,0.825188398361206,0.11236130639479043,True
dev/45/5,0.925754725933075,0.03703792462007937,True
dev/45/6,0.9730788469314575,0.06375349837579757,True
dev/45/7,0.8984963297843933,0.05466569022086783,True
dev/45/8,0.8177468776702881,0.07699313732539395,True
dev/45/9,0.4327760934829712,0.0726409553945006,True
dev/45/10,0.24980995059013367,0.06769037990250204,True
dev/45/11,0.10678352415561676,0.02366488576235418,True
dev/46/0,0.8893598318099976,0.09834689155626247,True
dev/46/1,0.9252108335494995,0.1201721003155833,True
dev/46/2,0.9262098073959351,0.059509530326524895,True
dev/46/3,0.929260790348053,0.07995018762332914,True
dev/46/4,0.7911700010299683,0.1207004454500302,True
dev/46/5,0.05848576873540878,0.007338956496750282,True
dev/46/6,0.9371885657310486,0.11114886225266722,True
dev/46/7,0.3286672830581665,0.04909484622454768,True
dev/46/8,0.17701329290866852,0.03143149535110313,True
dev/46/9,0.9596625566482544,0.06969670196378253,True
dev/47/0,0.5829039216041565,0.11344211056917455,True
dev/47/1,0.8464978933334351,0.08710328293152911,True
dev/47/2,0.892998456954956,0.09283075756651447,True
dev/47/3,0.8458006978034973,0.12384425521505564,True
dev/47/4,0.9598073959350586,0.03967658395191059,True
dev/47/5,0.03297213837504387,0.0009581157855640399,True
dev/47/6,0.7262253165245056,0.09312665648168089,True
dev/47/7,0.02465779520571232,0.002456824796432588,True
dev/47/8,0.499438613653183,0.13332638880334102,True
dev/47/9,0.1453092098236084,0.038038236667371494,True
dev/47/10,0.37027883529663086,0.08810508030401407,True
dev/48/0,0.6127957105636597,0.12062759148742372,True
dev/48/1,0.15853044390678406,0.00718648493026011,True
dev/48/2,0.08955796808004379,0.01879508999060263,True
dev/48/3,0.34740036725997925,0.05018512332252868,True
dev/48/4,0.7665011882781982,0.09764467531088764,True
dev/48/5,0.9629378318786621,0.03018144941271572,True
dev/48/6,0.02430250681936741,0.0026343586461991288,True
dev/48/7,0.461481511592865,0.06437774792578807,True
dev/49/0,0.12121754139661789,0.01050198825163243,True
dev/49/1,0.21821175515651703,0.03725248960647545,True
dev/49/2,0.8585585355758667,0.07893750200573653,True
dev/49/3,0.91590416431427,0.04854629958342008,True
dev/49/6,0.5364521741867065,0.02163255826843851,True
dev/49/7,0.7929850220680237,0.05388799744577963,True
dev/49/8,0.8781243562698364,0.05669418230007553,True
dev/49/9,0.07878187298774719,0.016226035326895302,True
dev/49/10,0.850671112537384,0.09970810517577115,True
dev/49/11,0.663411557674408,0.06854389752906968,True
dev/49/12,0.9404165744781494,0.029726358054159414,True
dev/49/13,0.4708380103111267,0.08521282573358638,True
dev/49/14,0.8631651401519775,0.05641193954568055,True
dev/50/0,0.3510333001613617,0.064133078305273,True
dev/50/1,0.5617607831954956,0.08837815117429657,True
dev/50/2,0.6967281103134155,0.04220717715519142,True
dev/50/3,0.9662685394287109,0.02293670837235366,True
dev/51/0,0.837433397769928,0.08701284622703183,True
dev/51/1,0.8497161865234375,0.07461577215299432,True
dev/51/2,0.8611431121826172,0.07888439520524525,True
dev/51/3,0.8981475234031677,0.022378959885399414,True
dev/51/4,0.5624070167541504,0.12315801355976705,True
dev/51/5,0.9230518937110901,0.06508751289530879,True
dev/51/6,0.1879570037126541,0.008669953031302973,True
dev/53/0,0.10219763964414597,0.018636990567450776,True
dev/53/1,0.9273489713668823,0.03619377190274237,True
dev/53/2,0.901445746421814,0.06353418065842156,True
dev/53/3,0.6946930885314941,0.08708028795419817,True
dev/53/4,0.8593868017196655,0.029745459529210268,True
dev/53/5,0.8658101558685303,0.06516027419874937,True
dev/53/6,0.9411195516586304,0.04349286710236225,True
dev/53/7,0.7675222754478455,0.06960559132836472,True
dev/53/8,0.9363226294517517,0.0471570470273509,True
dev/54/0,0.9182891249656677,0.04592231519778543,True
dev/54/1,0.9621343612670898,0.025582240004578306,True
dev/54/2,0.6569546461105347,0.07829298606444818,True
dev/54/3,0.850365936756134,0.047792576209205975,True
dev/54/4,0.8702355623245239,0.08407128105325992,True
dev/54/5,0.8164147138595581,0.07541360807454188,True
dev/54/6,0.8746334910392761,0.02935291554966641,True
dev/54/7,0.8111712336540222,0.07001712880483975,True
dev/54/8,0.6418665647506714,0.0630269945752473,True
dev/54/9,0.17798876762390137,0.04391184159578607,True
dev/54/10,0.7782447338104248,0.030395615616705198,True
dev/54/11,0.10092298686504364,0.01696697168359062,True
dev/54/12,0.9034386873245239,0.03294912526228385,True
dev/55/0,0.24740923941135406,0.01965128181429482,True
dev/56/0,0.1703517884016037,0.02050806842860798,True
dev/56/1,0.9540766477584839,0.0430058977078545,True
dev/56/2,0.9286876320838928,0.13960963580041955,True
dev/56/3,0.8887296319007874,0.06199112414093857,True
dev/56/4,0.8567100763320923,0.09620685374438218,True
dev/56/5,0.2359498292207718,0.032122343292294214,True
dev/56/6,0.5610926151275635,0.08484088744100311,True
dev/56/7,0.5369263291358948,0.09888797214226544,True
dev/56/8,0.812414824962616,0.0953390805561138,True
dev/56/9,0.7852784991264343,0.11262912929518852,True
dev/56/10,0.546374499797821,0.05314709553109572,True
dev/56/11,0.9469924569129944,0.10265493195864002,True
dev/56/12,0.8260878920555115,0.052553820596010506,True
dev/56/13,0.8932654857635498,0.09149986071161353,True
dev/56/14,0.2599847614765167,0.036168134228059916,True
dev/56/15,0.7261435389518738,0.08194322066176024,True
dev/56/16,0.20396509766578674,0.007625610362760806,True
dev/58/0,0.603330671787262,0.07212437731290754,True
dev/58/1,0.6208754777908325,0.06979077107955635,True
dev/58/2,0.8754994869232178,0.0475126364131415,True
dev/58/3,0.8979483246803284,0.10058279657305604,True
dev/58/4,0.18749016523361206,0.051288044627875534,True
dev/58/5,0.34146711230278015,0.037644979459906004,True
dev/58/6,0.16245731711387634,0.042215815596298785,True
dev/58/7,0.40103814005851746,0.04316000841310358,True
dev/58/8,0.899226188659668,0.05282513202163356,True
dev/58/9,0.9722713828086853,0.03481399414454704,True
dev/58/10,0.9749630093574524,0.028828707482050134,True
dev/58/11,0.1185283288359642,0.02502486650722327,True
dev/60/0,0.03358839079737663,0.005925141749701372,True
dev/60/1,0.3075719177722931,0.023850892144084958,True
dev/60/2,0.7717174887657166,0.05111581964818134,True
dev/60/3,0.8428700566291809,0.08825097049289073,True
dev/60/4,0.5194979906082153,0.07868193944794974,True
dev/60/5,0.8628461360931396,0.06586996023805253,True
dev/60/6,0.3127613663673401,0.013379095176531143,True
dev/61/0,0.26637324690818787,0.03535054908687291,True
dev/61/1,0.32933861017227173,0.036719026977739495,True
dev/61/2,0.7680266499519348,0.05619383334820546,True
dev/61/3,0.43307191133499146,0.08125900225253589,True
dev/61/4,0.9230222702026367,0.02869871783742088,True
dev/61/5,0.12894870340824127,0.005616249144444758,True
dev/62/0,0.30319932103157043,0.0502513837570121,True
dev/62/1,0.6242426037788391,0.0559810110018608,True
dev/62/2,0.11204762011766434,0.019359116915273804,True
dev/62/3,0.6777573823928833,0.05985529737225783,True
dev/62/4,0.5696616172790527,0.05370763109019651,True
dev/62/5,0.7640121579170227,0.07985205037473457,True
dev/63/0,0.13741476833820343,0.006007745586537882,True
dev/63/1,0.8422838449478149,0.15079994023804819,True
dev/63/2,0.3520772159099579,0.07826719207501176,True
dev/63/3,0.07867412269115448,0.004007875621719646,True
dev/63/4,0.07482072710990906,0.005438715345806227,True
dev/63/5,0.9235248565673828,0.055701926391690595,True
dev/63/6,0.8302046060562134,0.04293250938759723,True
dev/63/7,0.9390305876731873,0.03145070231511268,True
dev/63/8,0.4726194739341736,0.08023065089836287,True
dev/63/9,0.48337629437446594,0.1168032764473133,True
dev/63/10,0.1260773092508316,0.010041905905095194,True
dev/63/11,0.10228870064020157,0.0037871516699366876,True
dev/63/12,0.2920261323451996,0.07376680923548466,True
dev/63/13,0.885587751865387,0.04920629115317674,True
dev/63/14,0.19474662840366364,0.022367282912151842,True
dev/63/15,0.2633070945739746,0.03289986776817015,True
dev/63/16,0.518494188785553,0.059611996302047075,True
dev/63/17,0.8404563069343567,0.0480412212159977,True
dev/63/18,0.5876412391662598,0.09785328496252688,True
dev/63/19,0.9744774699211121,0.049863905362398195,True
dev/63/20,0.9558866620063782,0.01167101912385481,True
dev/64/0,0.44302985072135925,0.08183202242925153,True
dev/64/1,0.8468267321586609,0.11716529986427442,True
dev/64/2,0.7145400643348694,0.11301511048926335,True
dev/64/3,0.9683145880699158,0.03135949729333352,True
dev/64/4,0.9483200907707214,0.02704940473786644,True
dev/65/0,0.2800278067588806,0.01281133744441671,True
dev/65/1,0.9486837387084961,0.047580085157561354,True
dev/65/2,0.08563695102930069,0.006454568925785848,True
dev/65/3,0.5825811624526978,0.08083801146171352,True
dev/65/4,0.037449419498443604,0.004158621646704514,True
dev/65/5,0.2869166433811188,0.061817074236108854,True
dev/65/6,0.8414143919944763,0.013010096591369983,True
dev/65/7,0.9569070339202881,0.06348380831622251,True
dev/65/8,0.8927510976791382,0.11522113208972318,True
dev/65/9,0.4267999231815338,0.07609307083485368,True
dev/65/10,0.10190833359956741,0.007087857989737413,True
dev/66/0,0.02093392238020897,0.0013517705980532159,True
dev/66/1,0.8830008506774902,0.12434651940939309,True
dev/66/2,0.29166701436042786,0.04477801912575789,True
dev/66/3,0.6732898354530334,0.1345324010869525,True
dev/66/4,0.10527719557285309,0.022704921686942412,True
dev/66/5,0.802984893321991,0.14229546864160042,True
dev/66/6,0.7419235110282898,0.12141802250996826,True
dev/66/7,0.9249153733253479,0.12014396519896818,True
dev/66/8,0.7803319692611694,0.1424246525114796,True
dev/66/11,0.8499407768249512,0.10450935412237726,True
dev/68/0,0.22484733164310455,0.029629612322706993,True
dev/68/1,0.9307777285575867,0.02997655245413121,True
dev/68/2,0.9098429083824158,0.06553405134261278,True
dev/68/3,0.09709268808364868,0.024074076706806925,True
dev/68/4,0.8619343638420105,0.05359455942379669,True
dev/68/5,0.4238811135292053,0.0565417246764165,True
dev/68/6,0.029895225539803505,0.0035112600708256843,True
dev/68/7,0.3073057234287262,0.045212056835885625,True
dev/68/8,0.7538249492645264,0.12453425041860477,True
dev/68/9,0.2959376871585846,0.012339754190855,True
dev/68/10,0.2462366819381714,0.0118189369885149,True
dev/68/11,0.9340313076972961,0.08470460592461346,True
dev/69/0,0.4723290801048279,0.045829217369935144,True
dev/69/1,0.7889248728752136,0.09959350452140969,True
dev/69/2,0.8629859089851379,0.06351638186851404,True
dev/69/3,0.320360392332077,0.07320050535467829,True
dev/69/4,0.09261957556009293,0.02265753742939386,True
dev/69/5,0.06993503123521805,0.0120544612515983,True
dev/69/6,0.3509509563446045,0.09955869945787989,True
dev/69/7,0.837713360786438,0.0622228373077551,True
dev/69/8,0.3540106415748596,0.02481405473798101,True
dev/69/9,0.9316754341125488,0.07281169245402645,True
dev/69/10,0.9305307269096375,0.0303000266280087,True
dev/69/11,0.2718753516674042,0.059924102206446506,True
dev/69/12,0.8358808755874634,0.07694563910917752,True
dev/69/13,0.723131537437439,0.098990050270095,True
dev/69/14,0.8409071564674377,0.1352043906331448,True
dev/69/15,0.6087626218795776,0.08560050404622457,True
dev/69/16,0.5430523753166199,0.0755882334912922,True
dev/69/17,0.6713088154792786,0.10690386974249597,True
dev/69/18,0.05544370040297508,0.00795715251189382,True
dev/69/19,0.8517966866493225,0.12175725415568614,True
dev/72/0,0.2888295650482178,0.06068603554741579,True
dev/72/1,0.4892815053462982,0.04126917651001129,True
dev/72/2,0.3076428174972534,0.026212471056740183,True
dev/72/3,0.6285866498947144,0.06127314333209902,True
dev/72/4,0.7349062561988831,0.03182318353095208,True
dev/72/5,0.06607429683208466,0.01264406241775324,True
dev/72/6,0.8245577216148376,0.05103527453839066,True
dev/72/7,0.7367894053459167,0.0479631776490302,True
dev/72/8,0.8317418098449707,0.06899105510606586,True
dev/72/9,0.9449165463447571,0.0777696143942639,True
dev/72/10,0.18009814620018005,0.0439188003768277,True
dev/72/11,0.2652670741081238,0.041287088757923585,True
dev/72/12,0.23874911665916443,0.04908693942189275,True
dev/72/13,0.6443780660629272,0.061724165379874026,True
dev/72/14,0.5430325269699097,0.08093014976667678,True
dev/72/15,0.49904346466064453,0.06556785840466187,True
dev/72/16,0.717317521572113,0.05255547219138468,True
dev/72/17,0.6509164571762085,0.05208356377469869,True
dev/72/18,0.7505256533622742,0.03958680325608916,True
dev/74/0,0.22457708418369293,0.01899189386113947,True
dev/74/1,0.8643254637718201,0.035394742331226144,True
dev/74/2,0.8382179737091064,0.11459801355559064,True
dev/74/3,0.8868682384490967,0.04602788433857374,True
dev/74/4,0.13029120862483978,0.032854219503281705,True
dev/74/5,0.9346250295639038,0.11432774925799935,True
dev/74/6,0.9334744215011597,0.025956874163975224,True
dev/74/7,0.7178080677986145,0.08696698266360316,True
dev/74/8,0.1658710241317749,0.04829680417584786,True
dev/74/9,0.8473826050758362,0.10125102976485403,True
dev/74/10,0.04373471438884735,0.005105382152468785,True
dev/74/11,0.93028324842453,0.04009536501798305,True
dev/74/12,0.9104458093643188,0.035466887696189095,True
dev/74/13,0.8315354585647583,0.041418107465532636,True
dev/74/14,0.9167640209197998,0.042640158710539805,True
dev/74/15,0.9129140973091125,0.0956655985764129,True
dev/74/16,0.9543339610099792,0.036893772849031586,True
dev/74/17,0.9297599792480469,0.04899765624024541,True
dev/74/18,0.9052426815032959,0.05043243010003473,True
dev/74/19,0.8254166841506958,0.0689323001943145,True
dev/75/0,0.8766646981239319,0.0644208699126218,True
dev/76/0,0.4406645596027374,0.07794187089519689,True
dev/76/1,0.3097013235092163,0.0318412599121828,True
dev/76/2,0.8540160655975342,0.04036416093284433,True
dev/76/3,0.9023110270500183,0.033916985520924765,True
dev/76/4,0.9075068831443787,0.044441854035713206,True
dev/76/5,0.6487627625465393,0.07513555406911489,True
dev/76/6,0.74980229139328,0.05449246034615462,True
dev/76/7,0.35089540481567383,0.0737468189240047,True
dev/76/8,0.03820342570543289,0.007435178426605257,True
dev/76/9,0.8280836343765259,0.09566406858300357,True
dev/76/10,0.5155145525932312,0.06596627947453035,True
dev/76/11,0.874212384223938,0.10676184333919878,True
dev/76/12,0.8557219505310059,0.05353643498005057,True
dev/76/13,0.11131353676319122,0.01384260591671211,True
dev/76/14,0.3207458555698395,0.04117124252910707,True
dev/76/15,0.7644120454788208,0.11849630058861166,True
dev/76/16,0.35685375332832336,0.05590989690560472,True
dev/77/0,0.026240207254886627,0.004853630205189429,True
dev/77/1,0.062484364956617355,0.012787901629602113,True
dev/77/2,0.7811195850372314,0.11603547887953378,True
dev/77/3,0.3820047676563263,0.09405953640336176,True
dev/77/4,0.7264211773872375,0.12552523825795975,True
dev/77/5,0.951032280921936,0.08560740795701946,True
dev/77/6,0.982355535030365,0.04845530591719717,True
dev/77/7,0.8676633834838867,0.09183323057118552,True
dev/77/8,0.8458674550056458,0.13044584482519866,True
dev/77/9,0.929332435131073,0.1143681462938098,True
dev/77/10,0.9666578769683838,0.07246071226783769,True
dev/77/11,0.9138690829277039,0.1167039920800123,True
dev/77/12,0.7711074948310852,0.10561433852807847,True
dev/77/13,0.70696622133255,0.10454547981341972,True
dev/77/14,0.8612755537033081,0.11113369762292248,True
dev/77/15,0.5487806797027588,0.11368446661472821,True
dev/77/16,0.9332982897758484,0.07235237626181755,True
dev/77/17,0.5855984687805176,0.09818914570785442,True
dev/77/18,0.9036418199539185,0.06484376239041416,True
dev/77/19,0.6453455686569214,0.1123181124104739,True
dev/78/0,0.21899697184562683,0.011374931320426144,True
dev/78/1,0.9810454845428467,0.039311813714678775,True
dev/78/2,0.5708967447280884,0.08473483348883978,True
dev/78/3,0.5779252648353577,0.054669015159369526,True
dev/78/4,0.8697285056114197,0.07322716062125875,True
dev/78/5,0.48552387952804565,0.1098536010390492,True
dev/78/6,0.9332009553909302,0.12440072524255487,True
dev/78/7,0.05801062285900116,0.0074292534640424766,True
dev/78/8,0.3173730969429016,0.05623004266060988,True
dev/79/0,0.1866673231124878,0.013846368234313159,True
dev/79/1,0.5093284845352173,0.07894288167387177,True
dev/79/2,0.881145179271698,0.052286482004465756,True
dev/79/3,0.8461548089981079,0.06157312775562142,True
dev/79/4,0.7890194654464722,0.08508429552757561,True
dev/79/5,0.43630874156951904,0.04250029276759547,True
dev/79/6,0.9375684857368469,0.05885633901190551,True
dev/79/7,0.029146956279873848,0.0019922906047137798,True
dev/79/8,0.42458996176719666,0.08951672577548868,True
dev/79/9,0.9400890469551086,0.09214967106837138,True
dev/79/10,0.47669240832328796,0.07403898349413296,True
dev/80/0,0.475848525762558,0.03943695331258208,True
dev/80/1,0.9357154965400696,0.04130807538431709,True
dev/80/2,0.819730281829834,0.0873491282732261,True
dev/80/3,0.9186220765113831,0.1326406074060528,True
dev/80/4,0.14175941050052643,0.04063720111163061,True
dev/80/5,0.9461942315101624,0.05839413551946016,True
dev/80/6,0.950225830078125,0.05300964531768709,True
dev/80/7,0.9159132838249207,0.043238150140054686,True
dev/80/8,0.8798850774765015,0.06499901256004967,True
dev/80/9,0.8417342901229858,0.06428739242122936,True
dev/82/0,0.20439113676548004,0.023581755233312053,True
dev/82/1,0.6248630881309509,0.07428907803539778,True
dev/82/2,0.9339482188224792,0.052548209107016706,True
dev/82/3,0.44892701506614685,0.08494241038477594,True
dev/82/4,0.9575693011283875,0.03311565844752147,True
dev/82/5,0.6665259599685669,0.06569599576056748,True
dev/82/6,0.041703905910253525,0.008436890059971974,True
dev/82/7,0.927589476108551,0.060143988645327606,True
dev/82/8,0.550980806350708,0.07402857928613596,True
dev/82/9,0.7268179655075073,0.043019356486938734,True
dev/82/10,0.8402630090713501,0.057124640162119454,True
dev/82/11,0.5602735280990601,0.10847195041723817,True
dev/82/12,0.8683632016181946,0.020951140020498235,True
dev/82/13,0.07903597503900528,0.008056375131950037,True
dev/82/14,0.022430824115872383,0.0018491686614340815,True
dev/82/15,0.8909914493560791,0.056967994248803056,True
dev/82/16,0.13532675802707672,0.025089097126586045,True
dev/82/17,0.9497945308685303,0.03152476589100341,True
dev/82/18,0.29101040959358215,0.06904295264433634,True
dev/84/0,0.16578204929828644,0.03226527482975972,True
dev/84/1,0.057831455022096634,0.009848409235291995,True
dev/84/2,0.39608335494995117,0.09054199745065777,True
dev/84/3,0.1533469408750534,0.026953456978674437,True
dev/84/4,0.6680640578269958,0.056455224815678794,True
dev/84/5,0.7813934087753296,0.08158501297792672,True
dev/84/6,0.9015802145004272,0.08997193165348026,True
dev/84/7,0.9729612469673157,0.052411494634160734,True
dev/85/0,0.8038588762283325,0.042072438220922576,True
dev/85/1,0.7999089360237122,0.08371578092375896,True
dev/85/2,0.9136426448822021,0.0837239940691252,True
dev/85/3,0.8813260793685913,0.05879097711346012,True
dev/85/4,0.29532963037490845,0.024675356041017664,True
dev/85/5,0.2384181171655655,0.05848730744365703,True
dev/85/6,0.04507363960146904,0.005296544509866159,True
dev/85/7,0.180121511220932,0.009654906094520584,True
dev/85/8,0.14576923847198486,0.031024490652120075,True
dev/85/9,0.5114672183990479,0.06808716895404424,True
dev/85/10,0.2772829234600067,0.03292642530347381,True
dev/85/11,0.33274248242378235,0.07638772601039515,True
dev/85/12,0.7170283198356628,0.08032339040183523,True
dev/85/13,0.6909610033035278,0.09393942888918536,True
dev/85/14,0.4037582278251648,0.08573791845695475,True
dev/85/15,0.9778327345848083,0.031671234787522415,True
dev/85/16,0.5213546752929688,0.0803504821058031,True
dev/86/0,0.8838861584663391,0.05517467841421768,True
dev/86/1,0.6459367275238037,0.09525139436180556,True
dev/86/2,0.5906009078025818,0.07628396646548383,True
dev/86/3,0.9131951332092285,0.1432775998439615,True
dev/87/0,0.8944449424743652,0.08863076107663806,True
dev/87/1,0.2801332473754883,0.059210263960170845,True
dev/87/2,0.860836923122406,0.09197895697223057,True
dev/87/3,0.9060460329055786,0.07928563265639758,True
dev/87/4,0.6308112740516663,0.06566743789376522,True
dev/88/0,0.4909318685531616,0.10245663331238435,True
dev/88/1,0.9073247909545898,0.08565432238001781,True
dev/88/2,0.5839601159095764,0.11202794629143663,True
dev/88/3,0.33602115511894226,0.06273163683095319,True
dev/88/4,0.6720526218414307,0.07090509543329436,True
dev/88/5,0.6130596399307251,0.04006556842926197,True
dev/91/0,0.13930699229240417,0.031606765301900264,True
dev/91/1,0.7272480726242065,0.08099875018677362,True
dev/91/2,0.49204593896865845,0.07600512712800164,True
dev/91/3,0.9251769185066223,0.04240401539889967,True
dev/91/4,0.09261017292737961,0.01933918240542526,True
dev/91/5,0.072239950299263,0.011083902313469583,True
dev/91/6,0.9631949067115784,0.10728936590683895,True
dev/91/7,0.8015207052230835,0.09287805306049106,True
dev/91/8,0.7293388247489929,0.053513529143470955,True
dev/91/9,0.8252504467964172,0.10048011066778297,True
dev/91/10,0.7376089096069336,0.10995232230193093,True
dev/92/0,0.12304344773292542,0.025304271084962703,True
dev/92/1,0.8507636785507202,0.0903092969614113,True
dev/92/2,0.4732323884963989,0.09606031114619198,True
dev/92/3,0.07160711288452148,0.015845072761656184,True
dev/92/4,0.16355793178081512,0.03103718500936941,True
dev/92/5,0.06318198889493942,0.01155619539677637,True
dev/92/6,0.373637855052948,0.08810618249590302,True
dev/92/7,0.5078511834144592,0.10325136444944662,True
dev/92/8,0.03864598274230957,0.005791150437713776,True
dev/92/9,0.04479322209954262,0.006305830903879438,True
dev/92/10,0.5599347949028015,0.07754423130933771,True
dev/92/11,0.5699367523193359,0.053997342532060955,True
dev/93/0,0.7082096338272095,0.06861113087436553,True
dev/93/1,0.7746247053146362,0.061638870308804494,True
dev/93/2,0.7178909182548523,0.07777999070616758,True
dev/93/3,0.6572890877723694,0.06983001063514581,True
dev/93/4,0.7315458655357361,0.1461774965102987,True
dev/93/5,0.951158344745636,0.07309874992843271,True
dev/93/6,0.8690041899681091,0.09837269287503682,True
dev/93/7,0.6899772882461548,0.10141281039768829,True
dev/94/0,0.8361146450042725,0.036193688469793386,True
dev/94/1,0.9149201512336731,0.07674034489313608,True
dev/94/2,0.8535960912704468,0.0717349450688214,True
dev/94/3,0.7284403443336487,0.07589900509882497,True
dev/94/4,0.6079573631286621,0.07435647569999793,True
dev/94/5,0.7288947105407715,0.07946734880687523,True
dev/94/6,0.8377245664596558,0.013665318746147672,True
dev/94/7,0.2957553267478943,0.07092643158134922,True
dev/94/8,0.7135080099105835,0.09559567125577931,True
dev/94/9,0.8698670268058777,0.07943423678134201,True
dev/94/10,0.8744415640830994,0.09126586189232051,True
dev/94/11,0.927327573299408,0.06294041381848607,True
dev/95/0,0.3438713848590851,0.08483766455436435,True
dev/95/1,0.9468457102775574,0.06358262718729146,True
dev/95/2,0.9277317523956299,0.11558877094856995,True
dev/95/3,0.4839679002761841,0.06258053144228076,True
dev/95/4,0.8600689768791199,0.007183654741700744,True
dev/95/5,0.3666086196899414,0.051799816672941576,True
dev/95/6,0.5385367274284363,0.06105011208686838,True
dev/95/7,0.393430233001709,0.0759606697548235,True
dev/95/8,0.36598190665245056,0.02706384921929294,True
dev/95/9,0.883634090423584,0.07811254778639506,True
dev/95/10,0.8861430883407593,0.07966510850542358,True
dev/96/0,0.16128107905387878,0.025241777000654705,True
dev/96/1,0.8555172681808472,0.07563071424039541,True
dev/96/2,0.05448419973254204,0.00825358506383656,True
dev/96/3,0.9311003684997559,0.05409401696571081,True
dev/97/0,0.088691346347332,0.018404353891370274,True
dev/97/1,0.11263490468263626,0.027781470264119458,True
dev/97/2,0.7395370602607727,0.039345978172753496,True
dev/97/3,0.10344333201646805,0.017619058710710185,True
dev/97/4,0.1801573783159256,0.039799616651501654,True
dev/97/5,0.9062734842300415,0.027047633435308284,True
dev/97/6,0.821803629398346,0.039904538524072775,True
dev/97/7,0.26005110144615173,0.010972120896575278,True
dev/97/8,0.3197965919971466,0.1008693367317342,True
dev/97/9,0.7215356826782227,0.09790196041898461,True
dev/97/10,0.8565402030944824,0.11562619931781166,True
dev/97/11,0.5704522728919983,0.07645198976947325,True
dev/97/12,0.9398824572563171,0.07498555909121576,True
dev/97/13,0.9645717144012451,0.01957219167985112,True
dev/97/14,0.7891537547111511,0.09251649354793344,True
dev/97/15,0.9059168696403503,0.06837066697827371,True
dev/97/16,0.4632282555103302,0.10248289490174696,True
dev/97/17,0.9538350105285645,0.056256576275300826,True
dev/97/18,0.22934609651565552,0.0477057108741636,True
dev/97/19,0.9110078811645508,0.03695608688344593,True
dev/97/20,0.6102553606033325,0.08907066408877382,True
dev/97/21,0.8549008965492249,0.04789590063769001,True
dev/98/0,0.9388079047203064,0.0431735683601281,True
dev/98/1,0.3404587209224701,0.04993089685833739,True
dev/98/2,0.9136872291564941,0.11659151279850868,True
dev/98/3,0.8019809126853943,0.09930592438571764,True
dev/98/4,0.6488685607910156,0.08152232103661883,True
dev/99/0,0.09879790991544724,0.007048157741345354,True
dev/99/1,0.7535906434059143,0.05570600046906504,True
dev/99/2,0.8503093719482422,0.10126533843853706,True
dev/99/3,0.05208805575966835,0.008601562032490467,True
dev/99/4,0.2619227468967438,0.03879758310383012,True
dev/99/5,0.19118404388427734,0.03179939175194689,True
dev/99/6,0.13671831786632538,0.023351035251934223,True
dev/99/7,0.7115572094917297,0.049331172219470656,True
dev/99/8,0.5071577429771423,0.038857292727103185,True
dev/100/0,0.9636246562004089,0.029159562013792342,True
dev/101/0,0.13770343363285065,0.008011685931486606,True
dev/102/0,0.8815065622329712,0.04585557272118346,True
dev/102/1,0.325234979391098,0.07137764025073633,True
dev/103/0,0.9296118021011353,0.05694436130633629,True
dev/103/1,0.37611132860183716,0.01932889925372129,True
dev/103/2,0.33269649744033813,0.018823388171196588,True
dev/103/3,0.930151641368866,0.057534882615498294,True
dev/103/4,0.23882365226745605,0.017399203323926728,True
dev/104/0,0.1683189421892166,0.005483175493625998,True
dev/104/1,0.19106988608837128,0.01853712937941367,True
dev/104/2,0.15793992578983307,0.03061307674879819,True
dev/104/3,0.9698272347450256,0.049353763520883616,True
dev/104/4,0.3116299510002136,0.04092780338909631,True
dev/104/5,0.7323483228683472,0.14171055328585286,True
dev/104/6,0.6872625946998596,0.07948161607871208,True
dev/104/7,0.07433854788541794,0.001278010919882245,True
dev/104/8,0.10540252923965454,0.030031576766045905,True
dev/104/9,0.5022584795951843,0.08729591502047902,True
dev/104/10,0.08962401002645493,0.021398413848044643,True
dev/104/11,0.734042227268219,0.10321238976594807,True
dev/104/12,0.381929874420166,0.04565604481836519,True
dev/104/13,0.7232404351234436,0.0846803358816701,True
dev/104/14,0.38200387358665466,0.038705476943953,True
dev/104/15,0.6157597899436951,0.06834739570715197,True
dev/105/0,0.7044259309768677,0.05487176007460344,True
dev/105/1,0.7881175875663757,0.13148101899462827,True
dev/105/2,0.3737500011920929,0.08770814926004962,True
dev/105/3,0.4980374872684479,0.10829942822679392,True
dev/105/4,0.09581241011619568,0.002847626160092298,True
dev/105/5,0.9080122709274292,0.04280126298778571,True
dev/105/6,0.8398701548576355,0.06460600193111266,True
dev/105/7,0.9229526519775391,0.043509595483779306,True
dev/105/8,0.9383769035339355,0.024733087307571285,True
dev/105/9,0.920386016368866,0.08668489826829996,True
dev/105/10,0.9392963647842407,0.026597803380370065,True
dev/105/11,0.9433410167694092,0.03806175252184463,True
dev/106/0,0.15122342109680176,0.03832837085686421,True
dev/106/1,0.8234455585479736,0.081285069468449,True
dev/106/2,0.5123271942138672,0.14742326189833638,True
dev/106/3,0.9308246970176697,0.035983464795164066,True
dev/106/4,0.28779059648513794,0.03681838613026886,True
dev/106/5,0.1281478852033615,0.024406301988307087,True
dev/108/0,0.6839540004730225,0.08805930107159468,True
dev/108/1,0.2430238276720047,0.058985129482408805,True
dev/108/2,0.21382515132427216,0.02547848460174651,True
dev/108/3,0.1278104931116104,0.030288224403062333,True
dev/108/4,0.42907318472862244,0.09395726532604151,True
dev/108/5,0.45124614238739014,0.05296541650212301,True
dev/108/6,0.40048810839653015,0.07082597191986825,True
dev/108/7,0.1369629055261612,0.031626614146302176,True
dev/108/8,0.4418480098247528,0.0832052206240099,True
dev/108/9,0.6318948864936829,0.12014221889846817,True
dev/108/10,0.26681429147720337,0.014602939862292875,True
dev/108/11,0.28258153796195984,0.022501505540482643,True
dev/108/12,0.7796825766563416,0.11966718311828718,True
dev/108/13,0.9415816068649292,0.10500991368288178,True
dev/108/14,0.9081462025642395,0.03722635892904586,True
dev/109/0,0.906735897064209,0.11442062334329843,True
dev/109/1,0.6706575155258179,0.09260296844995933,True
dev/109/2,0.09711319953203201,0.01967520341638811,True
dev/109/3,0.7412441372871399,0.05860461638866573,True
dev/109/4,0.8726924061775208,0.09832845940133567,True
dev/109/5,0.6706106662750244,0.043060204873391864,True
dev/109/6,0.9352709650993347,0.038568809695450026,True
dev/109/7,0.9411867260932922,0.04067887224202968,True
dev/110/0,0.8965374827384949,0.04694716605949432,True
dev/110/1,0.8799732327461243,0.04209944545368072,True
dev/110/2,0.9241935014724731,0.06570341771245057,True
dev/110/3,0.9277837872505188,0.03717073848346186,True
dev/110/4,0.9349949955940247,0.04191309887505201,True
dev/110/5,0.10142926871776581,0.005039658654910806,True
dev/110/6,0.8448665142059326,0.065624636288056,True
dev/110/7,0.8833782076835632,0.0,False
dev/110/8,0.8924016952514648,0.07604670395088857,True
dev/110/9,0.4949038326740265,0.048787044976961666,True
dev/111/0,0.49953633546829224,0.11183966399268605,True
dev/111/1,0.08588510006666183,0.02469222700661794,True
dev/111/2,0.5690453052520752,0.1028210037134194,True
dev/112/0,0.40606871247291565,0.05264474304644566,True
dev/112/1,0.4103755056858063,0.045804222035859044,True
dev/112/2,0.9055849313735962,0.04084387086672315,True
dev/112/3,0.4233401119709015,0.0778104716258187,True
dev/112/4,0.8702669143676758,0.022519352063641987,True
